Date,Sunrise,,
2024/1/1,7:03,,
2024/1/2,7:03,,
2024/1/3,7:03,,
2024/1/4,7:04,,
2024/1/5,7:04,,
2024/1/6,7:04,,
2024/1/7,7:04,,
2024/1/8,7:04,,
2024/1/9,7:05,,
2024/1/10,7:05,,
2024/1/11,7:05,,
2024/1/12,7:05,,
2024/1/13,7:05,,
2024/1/14,7:05,,
2024/1/15,7:05,,
2024/1/16,7:05,,
2024/1/17,7:05,,
2024/1/18,7:05,,
2024/1/19,7:05,,
2024/1/20,7:05,,
2024/1/21,7:05,,
2024/1/22,7:05,,
2024/1/23,7:05,,
2024/1/24,7:04,,
2024/1/25,7:04,,
2024/1/26,7:04,,
2024/1/27,7:04,,
2024/1/28,7:04,,
2024/1/29,7:03,,
2024/1/30,7:03,,
2024/1/31,7:03,,
2024/2/1,7:02,,
2024/2/2,7:02,,
2024/2/3,7:02,,
2024/2/4,7:01,,
2024/2/5,7:01,,
2024/2/6,7:00,,
2024/2/7,7:00,,
2024/2/8,6:59,,
2024/2/9,6:59,,
2024/2/10,6:58,,
2024/2/11,6:58,,
2024/2/12,6:57,,
2024/2/13,6:57,,
2024/2/14,6:56,,
2024/2/15,6:55,,
2024/2/16,6:55,,
2024/2/17,6:54,,
2024/2/18,6:53,,
2024/2/19,6:53,,
2024/2/20,6:52,,
2024/2/21,6:51,,
2024/2/22,6:51,,
2024/2/23,6:50,,
2024/2/24,6:49,,
2024/2/25,6:48,,
2024/2/26,6:48,,
2024/2/27,6:47,,
2024/2/28,6:46,,
2024/2/29,6:45,,
2024/3/1,6:44,,
2024/3/2,6:44,,
2024/3/3,6:43,,
2024/3/4,6:42,,
2024/3/5,6:41,,
2024/3/6,6:40,,
2024/3/7,6:39,,
2024/3/8,6:38,,
2024/3/9,6:37,,
2024/3/10,6:37,,
2024/3/11,6:36,,
2024/3/12,6:35,,
2024/3/13,6:34,,
2024/3/14,6:33,,
2024/3/15,6:32,,
2024/3/16,6:31,,
2024/3/17,6:30,,
2024/3/18,6:29,,
2024/3/19,6:28,,
2024/3/20,6:27,,
2024/3/21,6:26,,
2024/3/22,6:25,,
2024/3/23,6:24,,
2024/3/24,6:24,,
2024/3/25,6:23,,
2024/3/26,6:22,,
2024/3/27,6:21,,
2024/3/28,6:20,,
2024/3/29,6:19,,
2024/3/30,6:18,,
2024/3/31,6:17,,
2024/4/1,6:16,,
2024/4/2,6:15,,
2024/4/3,6:14,,
2024/4/4,6:13,,
2024/4/5,6:12,,
2024/4/6,6:11,,
2024/4/7,6:10,,
2024/4/8,6:10,,
2024/4/9,6:09,,
2024/4/10,6:08,,
2024/4/11,6:07,,
2024/4/12,6:06,,
2024/4/13,6:05,,
2024/4/14,6:04,,
2024/4/15,6:03,,
2024/4/16,6:03,,
2024/4/17,6:02,,
2024/4/18,6:01,,
2024/4/19,6:00,,
2024/4/20,5:59,,
2024/4/21,5:58,,
2024/4/22,5:58,,
2024/4/23,5:57,,
2024/4/24,5:56,,
2024/4/25,5:55,,
2024/4/26,5:55,,
2024/4/27,5:54,,
2024/4/28,5:53,,
2024/4/29,5:53,,
2024/4/30,5:52,,
2024/5/1,5:51,,
2024/5/2,5:51,,
2024/5/3,5:50,,
2024/5/4,5:49,,
2024/5/5,5:49,,
2024/5/6,5:48,,
2024/5/7,5:48,,
2024/5/8,5:47,,
2024/5/9,5:46,,
2024/5/10,5:46,,
2024/5/11,5:45,,
2024/5/12,5:45,,
2024/5/13,5:44,,
2024/5/14,5:44,,
2024/5/15,5:44,,
2024/5/16,5:43,,
2024/5/17,5:43,,
2024/5/18,5:42,,
2024/5/19,5:42,,
2024/5/20,5:42,,
2024/5/21,5:41,,
2024/5/22,5:41,,
2024/5/23,5:41,,
2024/5/24,5:40,,
2024/5/25,5:40,,
2024/5/26,5:40,,
2024/5/27,5:40,,
2024/5/28,5:40,,
2024/5/29,5:39,,
2024/5/30,5:39,,
2024/5/31,5:39,,
2024/6/1,5:39,,
2024/6/2,5:39,,
2024/6/3,5:39,,
2024/6/4,5:39,,
2024/6/5,5:39,,
2024/6/6,5:39,,
2024/6/7,5:39,,
2024/6/8,5:39,,
2024/6/9,5:39,,
2024/6/10,5:39,,
2024/6/11,5:39,,
2024/6/12,5:39,,
2024/6/13,5:39,,
2024/6/14,5:39,,
2024/6/15,5:39,,
2024/6/16,5:39,,
2024/6/17,5:39,,
2024/6/18,5:40,,
2024/6/19,5:40,,
2024/6/20,5:40,,
2024/6/21,5:40,,
2024/6/22,5:40,,
2024/6/23,5:41,,
2024/6/24,5:41,,
2024/6/25,5:41,,
2024/6/26,5:41,,
2024/6/27,5:42,,
2024/6/28,5:42,,
2024/6/29,5:42,,
2024/6/30,5:43,,
2024/7/1,5:43,,
2024/7/2,5:43,,
2024/7/3,5:44,,
2024/7/4,5:44,,
2024/7/5,5:44,,
2024/7/6,5:45,,
2024/7/7,5:45,,
2024/7/8,5:45,,
2024/7/9,5:46,,
2024/7/10,5:46,,
2024/7/11,5:47,,
2024/7/12,5:47,,
2024/7/13,5:47,,
2024/7/14,5:48,,
2024/7/15,5:48,,
2024/7/16,5:49,,
2024/7/17,5:49,,
2024/7/18,5:50,,
2024/7/19,5:50,,
2024/7/20,5:50,,
2024/7/21,5:51,,
2024/7/22,5:51,,
2024/7/23,5:52,,
2024/7/24,5:52,,
2024/7/25,5:52,,
2024/7/26,5:53,,
2024/7/27,5:53,,
2024/7/28,5:54,,
2024/7/29,5:54,,
2024/7/30,5:54,,
2024/7/31,5:55,,
2024/8/1,5:55,,
2024/8/2,5:56,,
2024/8/3,5:56,,
2024/8/4,5:57,,
2024/8/5,5:57,,
2024/8/6,5:57,,
2024/8/7,5:58,,
2024/8/8,5:58,,
2024/8/9,5:58,,
2024/8/10,5:59,,
2024/8/11,5:59,,
2024/8/12,6:00,,
2024/8/13,6:00,,
2024/8/14,6:00,,
2024/8/15,6:01,,
2024/8/16,6:01,,
2024/8/17,6:01,,
2024/8/18,6:02,,
2024/8/19,6:02,,
2024/8/20,6:02,,
2024/8/21,6:03,,
2024/8/22,6:03,,
2024/8/23,6:03,,
2024/8/24,6:04,,
2024/8/25,6:04,,
2024/8/26,6:04,,
2024/8/27,6:05,,
2024/8/28,6:05,,
2024/8/29,6:05,,
2024/8/30,6:06,,
2024/8/31,6:06,,
2024/9/1,6:06,,
2024/9/2,6:06,,
2024/9/3,6:07,,
2024/9/4,6:07,,
2024/9/5,6:07,,
2024/9/6,6:08,,
2024/9/7,6:08,,
2024/9/8,6:08,,
2024/9/9,6:08,,
2024/9/10,6:09,,
2024/9/11,6:09,,
2024/9/12,6:09,,
2024/9/13,6:10,,
2024/9/14,6:10,,
2024/9/15,6:10,,
2024/9/16,6:10,,
2024/9/17,6:11,,
2024/9/18,6:11,,
2024/9/19,6:11,,
2024/9/20,6:11,,
2024/9/21,6:12,,
2024/9/22,6:12,,
2024/9/23,6:12,,
2024/9/24,6:13,,
2024/9/25,6:13,,
2024/9/26,6:13,,
2024/9/27,6:14,,
2024/9/28,6:14,,
2024/9/29,6:14,,
2024/9/30,6:14,,
2024/10/1,6:15,,
2024/10/2,6:15,,
2024/10/3,6:15,,
2024/10/4,6:16,,
2024/10/5,6:16,,
2024/10/6,6:16,,
2024/10/7,6:17,,
2024/10/8,6:17,,
2024/10/9,6:17,,
2024/10/10,6:18,,
2024/10/11,6:18,,
2024/10/12,6:19,,
2024/10/13,6:19,,
2024/10/14,6:19,,
2024/10/15,6:20,,
2024/10/16,6:20,,
2024/10/17,6:20,,
2024/10/18,6:21,,
2024/10/19,6:21,,
2024/10/20,6:22,,
2024/10/21,6:22,,
2024/10/22,6:23,,
2024/10/23,6:23,,
2024/10/24,6:24,,
2024/10/25,6:24,,
2024/10/26,6:24,,
2024/10/27,6:25,,
2024/10/28,6:25,,
2024/10/29,6:26,,
2024/10/30,6:26,,
2024/10/31,6:27,,
2024/11/1,6:27,,
2024/11/2,6:28,,
2024/11/3,6:29,,
2024/11/4,6:29,,
2024/11/5,6:30,,
2024/11/6,6:30,,
2024/11/7,6:31,,
2024/11/8,6:31,,
2024/11/9,6:32,,
2024/11/10,6:33,,
2024/11/11,6:33,,
2024/11/12,6:34,,
2024/11/13,6:34,,
2024/11/14,6:35,,
2024/11/15,6:36,,
2024/11/16,6:36,,
2024/11/17,6:37,,
2024/11/18,6:38,,
2024/11/19,6:38,,
2024/11/20,6:39,,
2024/11/21,6:40,,
2024/11/22,6:40,,
2024/11/23,6:41,,
2024/11/24,6:42,,
2024/11/25,6:42,,
2024/11/26,6:43,,
2024/11/27,6:44,,
2024/11/28,6:44,,
2024/11/29,6:45,,
2024/11/30,6:46,,
2024/12/1,6:46,,
2024/12/2,6:47,,
2024/12/3,6:48,,
2024/12/4,6:48,,
2024/12/5,6:49,,
2024/12/6,6:50,,
2024/12/7,6:50,,
2024/12/8,6:51,,
2024/12/9,6:51,,
2024/12/10,6:52,,
2024/12/11,6:53,,
2024/12/12,6:53,,
2024/12/13,6:54,,
2024/12/14,6:54,,
2024/12/15,6:55,,
2024/12/16,6:56,,
2024/12/17,6:56,,
2024/12/18,6:57,,
2024/12/19,6:57,,
2024/12/20,6:58,,
2024/12/21,6:58,,
2024/12/22,6:59,,
2024/12/23,6:59,,
2024/12/24,7:00,,
2024/12/25,7:00,,
2024/12/26,7:01,,
2024/12/27,7:01,,
2024/12/28,7:01,,
2024/12/29,7:02,,
2024/12/30,7:02,,
2024/12/31,7:03,,
